-- 05_assessment_seed.sql
-- Seed data for assessments: quizzes and exams with sections, settings,
-- question links, and global deadlines.
--
-- All inserts use ON CONFLICT DO NOTHING for idempotent re-runs.

-- -----------------------------------------------------------------------
-- 1. Assessments
-- -----------------------------------------------------------------------

INSERT INTO assessments (id, type, title, description, status, created_by, created_at, updated_at)
VALUES
  (
    'as000000-0000-0000-0000-000000000001',
    'quiz',
    'A1 Grammar & Vocabulary Quiz',
    'A short quiz covering A1-level grammar and vocabulary.',
    'published',
    '00000000-0000-0000-0000-000000000001',
    NOW(), NOW()
  ),
  (
    'as000000-0000-0000-0000-000000000002',
    'quiz',
    'A2 Grammar & Vocabulary Quiz',
    'A short quiz covering A2-level grammar and vocabulary.',
    'published',
    '00000000-0000-0000-0000-000000000001',
    NOW(), NOW()
  ),
  (
    'as000000-0000-0000-0000-000000000003',
    'quiz',
    'A3 Grammar & Vocabulary Quiz',
    'A short quiz covering A3-level grammar and vocabulary.',
    'published',
    '00000000-0000-0000-0000-000000000001',
    NOW(), NOW()
  ),
  (
    'as000000-0000-0000-0000-000000000004',
    'exam',
    'A1 Final Exam',
    'Comprehensive A1-level final exam covering grammar and vocabulary.',
    'published',
    '00000000-0000-0000-0000-000000000001',
    NOW(), NOW()
  )
ON CONFLICT (id) DO NOTHING;

-- -----------------------------------------------------------------------
-- 2. Assessment Sections
-- -----------------------------------------------------------------------

-- A1 Quiz: 1 section
INSERT INTO assessment_sections (id, assessment_id, title, "order", weight, created_at, updated_at)
VALUES
  (
    'ax000000-0000-0000-0001-000000000001',
    'as000000-0000-0000-0000-000000000001',
    'Grammar & Vocabulary',
    1, 1.000, NOW(), NOW()
  ),
  -- A2 Quiz: 1 section
  (
    'ax000000-0000-0000-0002-000000000001',
    'as000000-0000-0000-0000-000000000002',
    'Grammar & Vocabulary',
    1, 1.000, NOW(), NOW()
  ),
  -- A3 Quiz: 1 section
  (
    'ax000000-0000-0000-0003-000000000001',
    'as000000-0000-0000-0000-000000000003',
    'Grammar & Vocabulary',
    1, 1.000, NOW(), NOW()
  ),
  -- A1 Exam: 2 sections
  (
    'ax000000-0000-0000-0004-000000000001',
    'as000000-0000-0000-0000-000000000004',
    'Grammar',
    1, 1.000, NOW(), NOW()
  ),
  (
    'ax000000-0000-0000-0004-000000000002',
    'as000000-0000-0000-0000-000000000004',
    'Vocabulary',
    2, 1.000, NOW(), NOW()
  )
ON CONFLICT (assessment_id, "order") DO NOTHING;

-- -----------------------------------------------------------------------
-- 3. Assessment Settings
-- -----------------------------------------------------------------------

INSERT INTO assessment_settings (id, assessment_id, time_limit_seconds, max_attempts, allow_retake, randomize_questions, randomize_options, grading_mode, pass_threshold, created_at, updated_at)
VALUES
  (
    'at000000-0000-0000-0000-000000000001',
    'as000000-0000-0000-0000-000000000001',
    600, 3, true, false, false, 'auto', 60.00, NOW(), NOW()
  ),
  (
    'at000000-0000-0000-0000-000000000002',
    'as000000-0000-0000-0000-000000000002',
    600, 3, true, false, false, 'auto', 60.00, NOW(), NOW()
  ),
  (
    'at000000-0000-0000-0000-000000000003',
    'as000000-0000-0000-0000-000000000003',
    600, 3, true, false, false, 'auto', 60.00, NOW(), NOW()
  ),
  (
    'at000000-0000-0000-0000-000000000004',
    'as000000-0000-0000-0000-000000000004',
    1800, 1, false, false, false, 'auto', 60.00, NOW(), NOW()
  )
ON CONFLICT (assessment_id) DO NOTHING;

-- -----------------------------------------------------------------------
-- 4. Assessment Questions (links to questions table)
-- -----------------------------------------------------------------------

-- A1 Quiz: 5 questions from level 1
INSERT INTO assessment_questions (id, assessment_id, section_id, question_id, "order", points, created_at, updated_at)
VALUES
  ('aq000000-0000-0000-0001-000000000001', 'as000000-0000-0000-0000-000000000001', 'ax000000-0000-0000-0001-000000000001', 'q0000000-0000-0000-0001-000000000001', 1, 1.00, NOW(), NOW()),
  ('aq000000-0000-0000-0001-000000000002', 'as000000-0000-0000-0000-000000000001', 'ax000000-0000-0000-0001-000000000001', 'q0000000-0000-0000-0001-000000000002', 2, 1.00, NOW(), NOW()),
  ('aq000000-0000-0000-0001-000000000003', 'as000000-0000-0000-0000-000000000001', 'ax000000-0000-0000-0001-000000000001', 'q0000000-0000-0000-0001-000000000003', 3, 1.00, NOW(), NOW()),
  ('aq000000-0000-0000-0001-000000000004', 'as000000-0000-0000-0000-000000000001', 'ax000000-0000-0000-0001-000000000001', 'q0000000-0000-0000-0001-000000000004', 4, 1.00, NOW(), NOW()),
  ('aq000000-0000-0000-0001-000000000005', 'as000000-0000-0000-0000-000000000001', 'ax000000-0000-0000-0001-000000000001', 'q0000000-0000-0000-0001-000000000005', 5, 1.00, NOW(), NOW()),

  -- A2 Quiz: 5 questions from level 2
  ('aq000000-0000-0000-0002-000000000001', 'as000000-0000-0000-0000-000000000002', 'ax000000-0000-0000-0002-000000000001', 'q0000000-0000-0000-0002-000000000001', 1, 1.00, NOW(), NOW()),
  ('aq000000-0000-0000-0002-000000000002', 'as000000-0000-0000-0000-000000000002', 'ax000000-0000-0000-0002-000000000001', 'q0000000-0000-0000-0002-000000000002', 2, 1.00, NOW(), NOW()),
  ('aq000000-0000-0000-0002-000000000003', 'as000000-0000-0000-0000-000000000002', 'ax000000-0000-0000-0002-000000000001', 'q0000000-0000-0000-0002-000000000003', 3, 1.00, NOW(), NOW()),
  ('aq000000-0000-0000-0002-000000000004', 'as000000-0000-0000-0000-000000000002', 'ax000000-0000-0000-0002-000000000001', 'q0000000-0000-0000-0002-000000000004', 4, 1.00, NOW(), NOW()),
  ('aq000000-0000-0000-0002-000000000005', 'as000000-0000-0000-0000-000000000002', 'ax000000-0000-0000-0002-000000000001', 'q0000000-0000-0000-0002-000000000005', 5, 1.00, NOW(), NOW()),

  -- A3 Quiz: 5 questions from level 3
  ('aq000000-0000-0000-0003-000000000001', 'as000000-0000-0000-0000-000000000003', 'ax000000-0000-0000-0003-000000000001', 'q0000000-0000-0000-0003-000000000001', 1, 1.00, NOW(), NOW()),
  ('aq000000-0000-0000-0003-000000000002', 'as000000-0000-0000-0000-000000000003', 'ax000000-0000-0000-0003-000000000001', 'q0000000-0000-0000-0003-000000000002', 2, 1.00, NOW(), NOW()),
  ('aq000000-0000-0000-0003-000000000003', 'as000000-0000-0000-0000-000000000003', 'ax000000-0000-0000-0003-000000000001', 'q0000000-0000-0000-0003-000000000003', 3, 1.00, NOW(), NOW()),
  ('aq000000-0000-0000-0003-000000000004', 'as000000-0000-0000-0000-000000000003', 'ax000000-0000-0000-0003-000000000001', 'q0000000-0000-0000-0003-000000000004', 4, 1.00, NOW(), NOW()),
  ('aq000000-0000-0000-0003-000000000005', 'as000000-0000-0000-0000-000000000003', 'ax000000-0000-0000-0003-000000000001', 'q0000000-0000-0000-0003-000000000005', 5, 1.00, NOW(), NOW()),

  -- A1 Exam: Section 1 (Grammar) — 5 questions from level 1
  ('aq000000-0000-0000-0004-000000000001', 'as000000-0000-0000-0000-000000000004', 'ax000000-0000-0000-0004-000000000001', 'q0000000-0000-0000-0001-000000000006', 1, 1.00, NOW(), NOW()),
  ('aq000000-0000-0000-0004-000000000002', 'as000000-0000-0000-0000-000000000004', 'ax000000-0000-0000-0004-000000000001', 'q0000000-0000-0000-0001-000000000007', 2, 1.00, NOW(), NOW()),
  ('aq000000-0000-0000-0004-000000000003', 'as000000-0000-0000-0000-000000000004', 'ax000000-0000-0000-0004-000000000001', 'q0000000-0000-0000-0001-000000000008', 3, 1.00, NOW(), NOW()),
  ('aq000000-0000-0000-0004-000000000004', 'as000000-0000-0000-0000-000000000004', 'ax000000-0000-0000-0004-000000000001', 'q0000000-0000-0000-0001-000000000009', 4, 1.00, NOW(), NOW()),
  ('aq000000-0000-0000-0004-000000000005', 'as000000-0000-0000-0000-000000000004', 'ax000000-0000-0000-0004-000000000001', 'q0000000-0000-0000-0001-000000000010', 5, 1.00, NOW(), NOW()),

  -- A1 Exam: Section 2 (Vocabulary) — 5 questions from level 1
  ('aq000000-0000-0000-0004-000000000006', 'as000000-0000-0000-0000-000000000004', 'ax000000-0000-0000-0004-000000000002', 'q0000000-0000-0000-0001-000000000011', 6, 1.00, NOW(), NOW()),
  ('aq000000-0000-0000-0004-000000000007', 'as000000-0000-0000-0000-000000000004', 'ax000000-0000-0000-0004-000000000002', 'q0000000-0000-0000-0001-000000000012', 7, 1.00, NOW(), NOW()),
  ('aq000000-0000-0000-0004-000000000008', 'as000000-0000-0000-0000-000000000004', 'ax000000-0000-0000-0004-000000000002', 'q0000000-0000-0000-0001-000000000013', 8, 1.00, NOW(), NOW()),
  ('aq000000-0000-0000-0004-000000000009', 'as000000-0000-0000-0000-000000000004', 'ax000000-0000-0000-0004-000000000002', 'q0000000-0000-0000-0001-000000000014', 9, 1.00, NOW(), NOW()),
  ('aq000000-0000-0000-0004-000000000010', 'as000000-0000-0000-0000-000000000004', 'ax000000-0000-0000-0004-000000000002', 'q0000000-0000-0000-0001-000000000015', 10, 1.00, NOW(), NOW())
ON CONFLICT (assessment_id, "order") DO NOTHING;

-- -----------------------------------------------------------------------
-- 5. Assessment Deadlines (global per assessment)
-- -----------------------------------------------------------------------

INSERT INTO assessment_deadlines (id, assessment_id, student_id, timezone, opens_at, closes_at, is_active, created_at, updated_at)
VALUES
  (
    'ad000000-0000-0000-0000-000000000001',
    'as000000-0000-0000-0000-000000000001',
    NULL, 'UTC',
    '2026-01-01T00:00:00Z', '2026-12-31T23:59:59Z',
    TRUE, NOW(), NOW()
  ),
  (
    'ad000000-0000-0000-0000-000000000002',
    'as000000-0000-0000-0000-000000000002',
    NULL, 'UTC',
    '2026-01-01T00:00:00Z', '2026-12-31T23:59:59Z',
    TRUE, NOW(), NOW()
  ),
  (
    'ad000000-0000-0000-0000-000000000003',
    'as000000-0000-0000-0000-000000000003',
    NULL, 'UTC',
    '2026-01-01T00:00:00Z', '2026-12-31T23:59:59Z',
    TRUE, NOW(), NOW()
  ),
  (
    'ad000000-0000-0000-0000-000000000004',
    'as000000-0000-0000-0000-000000000004',
    NULL, 'UTC',
    '2026-01-01T00:00:00Z', '2026-12-31T23:59:59Z',
    TRUE, NOW(), NOW()
  )
ON CONFLICT (id) DO NOTHING;
