-- seed_07_assessments.sql
-- Sample assessments (quizzes and exams) for A1, A2, A3 courses
-- with sections, settings, and question links.

-- ============================================================
-- Assessments: 3 quizzes (one per level) + 1 final exam
-- ============================================================
INSERT INTO assessments (id, type, title, description, status, created_by) VALUES
  ('as000000-0000-0000-0000-000000000001', 'quiz', 'A1 Chapter 1-2 Quiz',
   'Quiz covering greetings, alphabet, numbers, and basic "to be" grammar.',
   'published', '00000000-0000-0000-0000-000000000001'),
  ('as000000-0000-0000-0000-000000000002', 'quiz', 'A2 Chapter 1-2 Quiz',
   'Quiz covering past simple, future tense, comparatives, and daily routine vocabulary.',
   'published', '00000000-0000-0000-0000-000000000001'),
  ('as000000-0000-0000-0000-000000000003', 'quiz', 'A3 Chapter 1-2 Quiz',
   'Quiz on present perfect, conditionals, passive voice, and intermediate vocabulary.',
   'published', '00000000-0000-0000-0000-000000000001'),
  ('as000000-0000-0000-0000-000000000004', 'exam', 'A1 Final Exam',
   'Comprehensive exam covering all A1 skills: phonics, vocabulary, grammar, reading, and writing.',
   'published', '00000000-0000-0000-0000-000000000001')
ON CONFLICT (id) DO NOTHING;

-- ============================================================
-- Assessment Settings
-- ============================================================
INSERT INTO assessment_settings (id, assessment_id, time_limit_seconds, max_attempts, allow_retake, randomize_questions, randomize_options, grading_mode, pass_threshold, result_visibility, feedback_policy) VALUES
  ('at000000-0000-0000-0000-000000000001', 'as000000-0000-0000-0000-000000000001',
   900, 3, true, true, true, 'auto', 70.00, 'immediate', 'after_submission'),
  ('at000000-0000-0000-0000-000000000002', 'as000000-0000-0000-0000-000000000002',
   900, 3, true, true, true, 'auto', 70.00, 'immediate', 'after_submission'),
  ('at000000-0000-0000-0000-000000000003', 'as000000-0000-0000-0000-000000000003',
   1200, 2, true, true, true, 'auto', 70.00, 'immediate', 'after_submission'),
  ('at000000-0000-0000-0000-000000000004', 'as000000-0000-0000-0000-000000000004',
   2400, 1, false, true, true, 'auto', 60.00, 'immediate', 'after_deadline')
ON CONFLICT (id) DO NOTHING;

-- ============================================================
-- Assessment Sections
-- ============================================================
-- A1 Quiz sections
INSERT INTO assessment_sections (id, assessment_id, title, "order", weight) VALUES
  ('ax000000-0000-0000-0001-000000000001', 'as000000-0000-0000-0000-000000000001', 'Vocabulary',  1, 0.500),
  ('ax000000-0000-0000-0001-000000000002', 'as000000-0000-0000-0000-000000000001', 'Grammar',     2, 0.500)
ON CONFLICT (id) DO NOTHING;

-- A2 Quiz sections
INSERT INTO assessment_sections (id, assessment_id, title, "order", weight) VALUES
  ('ax000000-0000-0000-0002-000000000001', 'as000000-0000-0000-0000-000000000002', 'Grammar',     1, 0.500),
  ('ax000000-0000-0000-0002-000000000002', 'as000000-0000-0000-0000-000000000002', 'Vocabulary',  2, 0.500)
ON CONFLICT (id) DO NOTHING;

-- A3 Quiz sections
INSERT INTO assessment_sections (id, assessment_id, title, "order", weight) VALUES
  ('ax000000-0000-0000-0003-000000000001', 'as000000-0000-0000-0000-000000000003', 'Grammar',     1, 0.400),
  ('ax000000-0000-0000-0003-000000000002', 'as000000-0000-0000-0000-000000000003', 'Vocabulary',  2, 0.300),
  ('ax000000-0000-0000-0003-000000000003', 'as000000-0000-0000-0000-000000000003', 'Reading',     3, 0.300)
ON CONFLICT (id) DO NOTHING;

-- A1 Final Exam sections
INSERT INTO assessment_sections (id, assessment_id, title, "order", weight) VALUES
  ('ax000000-0000-0000-0004-000000000001', 'as000000-0000-0000-0000-000000000004', 'Vocabulary',  1, 0.300),
  ('ax000000-0000-0000-0004-000000000002', 'as000000-0000-0000-0000-000000000004', 'Grammar',     2, 0.400),
  ('ax000000-0000-0000-0004-000000000003', 'as000000-0000-0000-0000-000000000004', 'Reading',     3, 0.300)
ON CONFLICT (id) DO NOTHING;

-- ============================================================
-- Assessment Question Links
-- Links existing question bank questions to assessments.
-- Question UUIDs reference seed_04 and seed_05 questions.
-- ============================================================

-- A1 Quiz: 6 questions from A1 question bank
INSERT INTO assessment_questions (id, assessment_id, section_id, question_id, "order", points) VALUES
  -- Vocabulary section (q from seed_04: greetings, family, numbers)
  ('aq000000-0000-0000-0001-000000000001', 'as000000-0000-0000-0000-000000000001', 'ax000000-0000-0000-0001-000000000001',
   'q0000000-0000-0000-0001-000000000004', 1, 1.00),  -- greetings: "Good morning"
  ('aq000000-0000-0000-0001-000000000002', 'as000000-0000-0000-0000-000000000001', 'ax000000-0000-0000-0001-000000000001',
   'q0000000-0000-0000-0001-000000000007', 2, 1.00),  -- numbers
  ('aq000000-0000-0000-0001-000000000003', 'as000000-0000-0000-0000-000000000001', 'ax000000-0000-0000-0001-000000000001',
   'q0000000-0000-0000-0001-000000000010', 3, 1.00),  -- family
  -- Grammar section (q from seed_04: to be, present simple)
  ('aq000000-0000-0000-0001-000000000004', 'as000000-0000-0000-0000-000000000001', 'ax000000-0000-0000-0001-000000000002',
   'q0000000-0000-0000-0001-000000000013', 4, 1.00),  -- to be
  ('aq000000-0000-0000-0001-000000000005', 'as000000-0000-0000-0000-000000000001', 'ax000000-0000-0000-0001-000000000002',
   'q0000000-0000-0000-0001-000000000016', 5, 1.00),  -- present simple
  ('aq000000-0000-0000-0001-000000000006', 'as000000-0000-0000-0000-000000000001', 'ax000000-0000-0000-0001-000000000002',
   'q0000000-0000-0000-0001-000000000019', 6, 1.00)   -- articles
ON CONFLICT (id) DO NOTHING;

-- A2 Quiz: 6 questions from A2 question bank
INSERT INTO assessment_questions (id, assessment_id, section_id, question_id, "order", points) VALUES
  -- Grammar
  ('aq000000-0000-0000-0002-000000000001', 'as000000-0000-0000-0000-000000000002', 'ax000000-0000-0000-0002-000000000001',
   'q0000000-0000-0000-0002-000000000001', 1, 1.00),  -- past simple
  ('aq000000-0000-0000-0002-000000000002', 'as000000-0000-0000-0000-000000000002', 'ax000000-0000-0000-0002-000000000001',
   'q0000000-0000-0000-0002-000000000004', 2, 1.00),  -- future
  ('aq000000-0000-0000-0002-000000000003', 'as000000-0000-0000-0000-000000000002', 'ax000000-0000-0000-0002-000000000001',
   'q0000000-0000-0000-0002-000000000007', 3, 1.00),  -- comparatives
  -- Vocabulary
  ('aq000000-0000-0000-0002-000000000004', 'as000000-0000-0000-0000-000000000002', 'ax000000-0000-0000-0002-000000000002',
   'q0000000-0000-0000-0002-000000000013', 4, 1.00),  -- vocabulary
  ('aq000000-0000-0000-0002-000000000005', 'as000000-0000-0000-0000-000000000002', 'ax000000-0000-0000-0002-000000000002',
   'q0000000-0000-0000-0002-000000000016', 5, 1.00),  -- reading
  ('aq000000-0000-0000-0002-000000000006', 'as000000-0000-0000-0000-000000000002', 'ax000000-0000-0000-0002-000000000002',
   'q0000000-0000-0000-0002-000000000010', 6, 1.00)   -- present continuous
ON CONFLICT (id) DO NOTHING;

-- A3 Quiz: 6 questions from A3 question bank
INSERT INTO assessment_questions (id, assessment_id, section_id, question_id, "order", points) VALUES
  -- Grammar
  ('aq000000-0000-0000-0003-000000000001', 'as000000-0000-0000-0000-000000000003', 'ax000000-0000-0000-0003-000000000001',
   'q0000000-0000-0000-0003-000000000001', 1, 1.50),  -- present perfect
  ('aq000000-0000-0000-0003-000000000002', 'as000000-0000-0000-0000-000000000003', 'ax000000-0000-0000-0003-000000000001',
   'q0000000-0000-0000-0003-000000000004', 2, 1.50),  -- conditionals
  -- Vocabulary
  ('aq000000-0000-0000-0003-000000000003', 'as000000-0000-0000-0000-000000000003', 'ax000000-0000-0000-0003-000000000002',
   'q0000000-0000-0000-0003-000000000013', 3, 1.00),  -- vocabulary
  ('aq000000-0000-0000-0003-000000000004', 'as000000-0000-0000-0000-000000000003', 'ax000000-0000-0000-0003-000000000002',
   'q0000000-0000-0000-0003-000000000016', 4, 1.00),  -- opinions
  -- Reading
  ('aq000000-0000-0000-0003-000000000005', 'as000000-0000-0000-0000-000000000003', 'ax000000-0000-0000-0003-000000000003',
   'q0000000-0000-0000-0003-000000000019', 5, 2.00),  -- reading
  ('aq000000-0000-0000-0003-000000000006', 'as000000-0000-0000-0000-000000000003', 'ax000000-0000-0000-0003-000000000003',
   'q0000000-0000-0000-0003-000000000010', 6, 2.00)   -- gerunds/infinitives
ON CONFLICT (id) DO NOTHING;

-- A1 Final Exam: 10 questions spanning all A1 content
INSERT INTO assessment_questions (id, assessment_id, section_id, question_id, "order", points) VALUES
  -- Vocabulary
  ('aq000000-0000-0000-0004-000000000001', 'as000000-0000-0000-0000-000000000004', 'ax000000-0000-0000-0004-000000000001',
   'q0000000-0000-0000-0001-000000000001', 1, 2.00),
  ('aq000000-0000-0000-0004-000000000002', 'as000000-0000-0000-0000-000000000004', 'ax000000-0000-0000-0004-000000000001',
   'q0000000-0000-0000-0001-000000000005', 2, 2.00),
  ('aq000000-0000-0000-0004-000000000003', 'as000000-0000-0000-0000-000000000004', 'ax000000-0000-0000-0004-000000000001',
   'q0000000-0000-0000-0001-000000000008', 3, 2.00),
  -- Grammar
  ('aq000000-0000-0000-0004-000000000004', 'as000000-0000-0000-0000-000000000004', 'ax000000-0000-0000-0004-000000000002',
   'q0000000-0000-0000-0001-000000000014', 4, 2.50),
  ('aq000000-0000-0000-0004-000000000005', 'as000000-0000-0000-0000-000000000004', 'ax000000-0000-0000-0004-000000000002',
   'q0000000-0000-0000-0001-000000000017', 5, 2.50),
  ('aq000000-0000-0000-0004-000000000006', 'as000000-0000-0000-0000-000000000004', 'ax000000-0000-0000-0004-000000000002',
   'q0000000-0000-0000-0001-000000000020', 6, 2.50),
  ('aq000000-0000-0000-0004-000000000007', 'as000000-0000-0000-0000-000000000004', 'ax000000-0000-0000-0004-000000000002',
   'q0000000-0000-0000-0001-000000000022', 7, 2.50),
  -- Reading
  ('aq000000-0000-0000-0004-000000000008', 'as000000-0000-0000-0000-000000000004', 'ax000000-0000-0000-0004-000000000003',
   'q0000000-0000-0000-0001-000000000028', 8, 3.00),
  ('aq000000-0000-0000-0004-000000000009', 'as000000-0000-0000-0000-000000000004', 'ax000000-0000-0000-0004-000000000003',
   'q0000000-0000-0000-0001-000000000031', 9, 3.00),
  ('aq000000-0000-0000-0004-000000000010', 'as000000-0000-0000-0000-000000000004', 'ax000000-0000-0000-0004-000000000003',
   'q0000000-0000-0000-0001-000000000034', 10, 3.00)
ON CONFLICT (id) DO NOTHING;
